{
  "fecha": "31 de diciembre de 2025",
  "gsVal": 118712638.03,
  "brVal": 292896718.87,
  "msVal": 119960061.09,
  "totalVal": 531569417.99,
  "gsRet": [
    0.054006461517598005,
    0.054006461517598005,
    0.052200643687661995,
    0.004977369017573
  ],
  "brRet": [
    0.052553987058004,
    0.052553987058004,
    0.053173896476105,
    0.00447005763319
  ],
  "msRet": [
    0.054946264539219004,
    0.054946264539219004,
    0.054148459901021004,
    0.005289135474741
  ],
  "bmRet": [
    0.04863782093969501,
    0.04863782093969501,
    0.051240014935647,
    0.0033857831826180004
  ],
  "gsAlfa": [
    0.005368640577903,
    0.005368640577903,
    0.000960628752015,
    0.0015915858349549998
  ],
  "brAlfa": [
    0.003916166118308,
    0.003916166118308,
    0.0019338815404580001,
    0.001084287270016
  ],
  "msAlfa": [
    0.006408443599524,
    0.006308443599523999,
    0.0029084449653740004,
    0.001903365111567
  ],
  "gsIR": [
    2.91341567821823,
    0.289950640075443,
    0.446900895780664
  ],
  "brIR": [
    1.78669928817624,
    0.547431230173263,
    0.286994088868558
  ],
  "msIR": [
    2.02300002095732,
    0.591379033798485,
    0.448594016529716
  ],
  "gsSh": [
    0.541420779443817,
    0.044144590033055,
    -0.578323875922875
  ],
  "brSh": [
    0.470515073977911,
    0.064095278930148,
    -0.575573693924481
  ],
  "msSh": [
    0.604219611065521,
    0.090853594661802,
    0.448594016529716
  ],
  "bmSh": [
    0.717128452373615,
    -0.317712207593857,
    -0.508020433251206
  ],
  "gsTE": [
    18.427307225813,
    33.130768456479295,
    35.6138430238464
  ],
  "brTE": [
    21.9184400207906,
    35.3264745207593,
    37.7808223957072
  ],
  "msTE": [
    31.183606199560298,
    49.180725036739,
    42.4295697542119
  ],
  "gsVaR": [
    0.0033572876275859997,
    0.015516544112408,
    0.019240248170272
  ],
  "brVaR": [
    0.00309160279548,
    0.017015208101529,
    0.020186157605841002
  ],
  "msVaR": [
    0.003411385440233,
    0.015354772494102999,
    0.021425478533283
  ],
  "gsHR": [
    0.833333333333333,
    0.527777777777777,
    0.583333333333333
  ],
  "brHR": [
    0.583333333333333,
    0.444444444444444,
    0.516666666666666
  ],
  "msHR": [
    0.75,
    0.611111111111111,
    0.6
  ],
  "gsDD": [
    -0.0043661769072606,
    -0.0270669052979452,
    -0.13412138630844
  ],
  "brDD": [
    -0.0043492405477829595,
    -0.0323266612596693,
    -0.136027307898157
  ],
  "msDD": [
    -0.0045543164867019,
    -0.0291838280466593,
    -0.13631677965874
  ],
  "gsZ": [
    0.15764762791753853,
    0.5682052960386954,
    -1.0809438473510529,
    -0.9523858439466534
  ],
  "brZ": [
    -1.0694601847119225,
    -1.1546525065370443,
    0.18880404178207544,
    -0.08924576010238919
  ],
  "msZ": [
    0.9118125567943851,
    0.5864472104983496,
    0.8921398055689794,
    1.041631604049036
  ],
  "gsZS": [
    3.4774132039923478,
    4.958091051807843,
    5.0,
    5.0
  ],
  "brZS": [
    1.0,
    1.0,
    2.4258610125242566,
    3.2685405592376138
  ],
  "msZS": [
    5.0,
    5.0,
    1.0,
    1.0
  ],
  "gsSc": [
    0.8693533009980869,
    1.2395227629519607,
    1.25,
    1.25
  ],
  "brSc": [
    0.25,
    0.25,
    0.6064652531310641,
    0.8171351398094034
  ],
  "msSc": [
    1.25,
    1.25,
    0.25,
    0.25
  ],
  "gsTotal": 4.6088760639500475,
  "brTotal": 1.9236003929404677,
  "msTotal": 3.0,
  "gsRank": 1,
  "brRank": 3,
  "msRank": 2,
  "portCards": [
    {
      "name": "Renta Variable",
      "mgr": "Goldman Sachs",
      "cls": "gs",
      "val": 259619971.82,
      "weight": 0.166291377898498,
      "sh1": 0.807218066769049,
      "sh3": 0.399958965103016,
      "bm": "MSCI ACWI ND"
    },
    {
      "name": "Short Duration (Cash)",
      "mgr": "Morgan Stanley",
      "cls": "ms",
      "val": 420133463.91,
      "weight": 0.269103228557861,
      "sh1": 0.943269941267142,
      "sh3": 0.220113727325926,
      "bm": "50%ML 0-1yrCorp/50%ML6m T-Bill"
    },
    {
      "name": "Renta Fija Global II",
      "mgr": "BlackRock Inc",
      "cls": "br",
      "val": 284198638.7,
      "weight": 0.182034467129003,
      "sh1": 0.728330835817597,
      "sh3": -0.304203932288397,
      "bm": "BBG Global Aggregate Hedged USD Benchmark"
    },
    {
      "name": "Renta Fija Global I",
      "mgr": "Goldman Sachs",
      "cls": "gs",
      "val": 115159695.51,
      "weight": 0.073761907878207,
      "sh1": 0.62041875014132,
      "sh3": -0.303979877845213,
      "bm": "BBG Global Aggregate Hedged USD Benchmark"
    },
    {
      "name": "Renta Fija Global III",
      "mgr": "Morgan Stanley",
      "cls": "ms",
      "val": 116128740.73,
      "weight": 0.074382599205419,
      "sh1": 0.889355686843049,
      "sh3": -0.303141090873561,
      "bm": "BBG Global Aggregate Hedged USD Benchmark"
    },
    {
      "name": "Renta Fija ILB",
      "mgr": "Morgan Stanley",
      "cls": "ms",
      "val": 52099633.49,
      "weight": 0.033370775677711,
      "sh1": -0.251797543222212,
      "sh3": -0.844826678095469,
      "bm": "BB Barc W Gv IL All Mar Hdg US"
    },
    {
      "name": "Global High Yield",
      "mgr": "Neuberger Berman",
      "cls": "other",
      "val": 97113773.45,
      "weight": 0.062203162132379,
      "sh1": 1.547234399332053,
      "sh3": null,
      "bm": "BBG Global High Yield"
    },
    {
      "name": "MBS",
      "mgr": "Morgan Stanley",
      "cls": "ms",
      "val": 80814257.48,
      "weight": 0.051763021681208,
      "sh1": 0.893090792212705,
      "sh3": null,
      "bm": "BBG Global Aggregate US MBS Index"
    },
    {
      "name": "Alternative Investments",
      "mgr": "Varios",
      "cls": "other",
      "val": 135967140.3,
      "weight": 0.087089459839714,
      "sh1": 0.476119789582646,
      "sh3": 1.328721469979836,
      "bm": "MSCI World + 3%"
    }
  ],
  "fapGlobalAgg": 515487074.94,
  "fapEquity": 259619971.82,
  "fapCash": 420133463.91,
  "fapAlts": 135967140.3,
  "fapHY": 97113773.45,
  "fapMBS": 80814257.48,
  "fapILB": 52099633.49
}