{
  "fecha": "31 de enero de 2026",
  "gsVal": 119104704.819999,
  "brVal": 343824237.819999,
  "msVal": 120392277.7,
  "totalVal": 583321220.339998,
  "gsRet": [
    0.003302654178243,
    0.052215325997399996,
    0.045027240115143,
    0.00689666412698
  ],
  "brRet": [
    0.002811979197633,
    0.050919990415951,
    0.045604873661262,
    0.005917191322774001
  ],
  "msRet": [
    0.003603004250521,
    0.053294032463599,
    0.047543120316413,
    0.007212974853176
  ],
  "bmRet": [
    0.0024173654884120004,
    0.047115713870116996,
    0.044130785173674004,
    0.00495083565371
  ],
  "gsAlfa": [
    0.000885288689831,
    0.005099612127283,
    0.000896454941469,
    0.0019458284732700002
  ],
  "brAlfa": [
    0.00039461370922100005,
    0.0038042765458349997,
    0.001474088487587,
    0.0009663556690640001
  ],
  "msAlfa": [
    0.001285638762109,
    0.006178318593483,
    0.0034123351427389997,
    0.002262139199466
  ],
  "gsIR": [
    2.89736396269524,
    0.271986434308746,
    0.548413092142844
  ],
  "brIR": [
    1.74077673986077,
    0.431366227249761,
    0.257049936885049
  ],
  "msIR": [
    1.99936330561888,
    0.691275904522223,
    0.531802579383353
  ],
  "gsSh": [
    0.478879542850018,
    -0.125893026394065,
    -0.553156074598075
  ],
  "brSh": [
    0.414785563541383,
    -0.106624460078394,
    -0.560006332055437
  ],
  "msSh": [
    0.548403680604367,
    -0.064509950523987,
    0.531802579383353
  ],
  "bmSh": [
    0.204100388851244,
    -0.14860660606685,
    -0.598069979269929
  ],
  "gsTE": [
    17.600868213116,
    32.9595460798282,
    35.4810725919586
  ],
  "brTE": [
    21.853902678749503,
    34.172552102322,
    37.5940831098483
  ],
  "msTE": [
    30.9014303509489,
    49.362853824582295,
    42.537198711766
  ],
  "gsVaR": [
    0.0033572876275859997,
    0.015516544112408,
    0.019240248170272
  ],
  "brVaR": [
    0.00309160279548,
    0.017015208101529,
    0.020186157605841002
  ],
  "msVaR": [
    0.003411385440233,
    0.015354772494102999,
    0.021425478533283
  ],
  "gsHR": [
    0.833333333333333,
    0.527777777777777,
    0.6
  ],
  "brHR": [
    0.583333333333333,
    0.444444444444444,
    0.516666666666666
  ],
  "msHR": [
    0.75,
    0.638888888888888,
    0.616666666666666
  ],
  "gsDD": [
    -0.0043661769072607095,
    -0.027066905297944997,
    -0.128699121356681
  ],
  "brDD": [
    -0.0043492405477829595,
    -0.0323266612596691,
    -0.135369677641409
  ],
  "msDD": [
    -0.0045543164867019,
    -0.029183828046658998,
    -0.132040455271131
  ],
  "gsZ": [
    0.3272048338372626,
    0.6273610802706993,
    -1.0795177896022898,
    -0.9523858439466534
  ],
  "brZ": [
    -1.1226137555039197,
    -1.1532122883266769,
    0.18482086295735947,
    -0.08924576010238919
  ],
  "msZ": [
    0.7954089216666572,
    0.5258512080559786,
    0.8946969266449303,
    1.041631604049036
  ],
  "gsZS": [
    4.023569234290642,
    5.0,
    5.0,
    5.0
  ],
  "brZS": [
    1.0,
    1.0,
    2.4382955569026907,
    3.2685405592376138
  ],
  "msZS": [
    5.0,
    4.771961382765859,
    1.0,
    1.0
  ],
  "gsSc": [
    1.0058923085726605,
    1.25,
    1.25,
    1.25
  ],
  "brSc": [
    0.25,
    0.25,
    0.6095738892256727,
    0.8171351398094034
  ],
  "msSc": [
    1.25,
    1.1929903456914648,
    0.25,
    0.25
  ],
  "gsTotal": 4.75589230857266,
  "brTotal": 1.9267090290350763,
  "msTotal": 2.942990345691465,
  "gsRank": 1,
  "brRank": 3,
  "msRank": 2,
  "gsRating": "A+",
  "brRating": "A+",
  "msRating": "AA-",
  "portCards": [
    {
      "name": "Renta Variable",
      "mgr": "Goldman Sachs",
      "cls": "gs",
      "val": 328057459.35,
      "weight": 0.105460858803797,
      "sh1": 2.095019703100877,
      "sh3": 1.330155817900624,
      "bm": "MSCI ACWI ND"
    },
    {
      "name": "Short Duration (Cash)",
      "mgr": "Morgan Stanley",
      "cls": "ms",
      "val": 368058260.42,
      "weight": 0.118319944044658,
      "sh1": 1.281015700662335,
      "sh3": 0.268345858549394,
      "bm": "50%ML 0-1yrCorp/50%ML6m T-Bill"
    },
    {
      "name": "Renta Fija Global II",
      "mgr": "BlackRock Inc",
      "cls": "br",
      "val": 343824237.82,
      "weight": 0.110529416005056,
      "sh1": 0.414785563541383,
      "sh3": -0.106624460078394,
      "bm": "BBG Global Aggregate Hedged USD Benchmark"
    },
    {
      "name": "Renta Fija Global I",
      "mgr": "Goldman Sachs",
      "cls": "gs",
      "val": 119104704.82,
      "weight": 0.038288671999038,
      "sh1": 0.478879542850018,
      "sh3": -0.125893026394065,
      "bm": "BBG Global Aggregate Hedged USD Benchmark"
    },
    {
      "name": "Renta Fija Global III",
      "mgr": "Morgan Stanley",
      "cls": "ms",
      "val": 120392277.7,
      "weight": 0.03870258894507,
      "sh1": 0.548403680604367,
      "sh3": -0.064509950523987,
      "bm": "BBG Global Aggregate Hedged USD Benchmark"
    },
    {
      "name": "Renta Fija ILB",
      "mgr": "Morgan Stanley",
      "cls": "ms",
      "val": 53789232.83,
      "weight": 0.017291661954247,
      "sh1": -0.059980998131987,
      "sh3": -0.526503312484597,
      "bm": "BB Barc W Gv IL All Mar Hdg US"
    },
    {
      "name": "Global High Yield",
      "mgr": "Neuberger Berman",
      "cls": "other",
      "val": 107104320.95,
      "weight": 0.034430900279983,
      "sh1": 2.067565865581551,
      "sh3": null,
      "bm": "BBG Global High Yield"
    },
    {
      "name": "MBS",
      "mgr": "Morgan Stanley",
      "cls": "ms",
      "val": 85160700.38,
      "weight": 0.027376669368233,
      "sh1": 1.269508531648953,
      "sh3": -0.127807610974849,
      "bm": "BBG Global Aggregate US MBS Index"
    },
    {
      "name": "Alternative Investments",
      "mgr": "Varios",
      "cls": "other",
      "val": 151002763.77,
      "weight": 0.048542963115315,
      "sh1": 1.37921798178052,
      "sh3": 1.243338543032072,
      "bm": "MSCI World + 3%"
    }
  ],
  "fapGlobalAgg": 583321220.34,
  "fapEquity": 328057459.35,
  "fapCash": 368058260.42,
  "fapAlts": 151002763.77,
  "fapHY": 107104320.95,
  "fapMBS": 85160700.38,
  "fapILB": 53789232.83
}